[{"model": "public.config", "pk": 1, "fields": {"name": "Standard", "header": 1, "left_sidebar": null, "right_sidebar": 1, "footer": 1}}, {"model": "public.header", "pk": 1, "fields": {"name": "Standard", "template": 9, "controller": 3, "pages": [1]}}, {"model": "public.sidebar", "pk": 1, "fields": {"name": "Standard", "template": 16, "controller": 5, "widgets": [1, 2]}}, {"model": "public.widget", "pk": 1, "fields": {"name": "GitHub Link", "content": "<div class=\"row\">\r\n  <div class=\"col-xs-4 col-xs-offset-4\">\r\n    <a href=\"https://goo.gl/qIKA1y\" class=\"thumbnail\">\r\n      <img src=\"https://goo.gl/NH6sWW\">\r\n    </a>\r\n  </div>\r\n</div>", "priority": "1.00", "template": 10, "controller": 4}}, {"model": "public.widget", "pk": 2, "fields": {"name": "TODO List", "content": "<h4 class=\"text-center\">TODO List</h4>\r\n<ul class=\"list-group\">\r\n  <li class=\"list-group-item\"><del>Setup Website</del></li>\r\n  <li class=\"list-group-item\">Write TODO List</li>\r\n  <li class=\"list-group-item\">Complete TODO List</li>\r\n</ul>", "priority": "2.00", "template": 10, "controller": 4}}, {"model": "public.page", "pk": 1, "fields": {"name": "News", "priority": "1.00", "template": 7, "controller": 2}}, {"model": "public.post", "pk": 1, "fields": {"user": 1, "title": "Example Default Post", "created_datetime": "2017-05-11T07:59:42Z", "content": "This is an example of a Default Post.", "template": 23, "controller": 7, "videos": [], "categories": [1, 2, 3]}}, {"model": "public.post", "pk": 2, "fields": {"user": 1, "title": "Example Primary Post", "created_datetime": "2017-05-11T08:05:11Z", "content": "This is an example of a Primary Post.", "template": 24, "controller": 7, "videos": [], "categories": [1, 2, 4]}}, {"model": "public.post", "pk": 3, "fields": {"user": 1, "title": "Example Info Post", "created_datetime": "2017-05-11T08:05:39Z", "content": "This is an example of an Info Post.", "template": 25, "controller": 7, "videos": [], "categories": [1, 2, 5]}}, {"model": "public.post", "pk": 4, "fields": {"user": 1, "title": "Example Success Post", "created_datetime": "2017-05-11T08:06:16Z", "content": "This is an example of a Success Post.", "template": 26, "controller": 7, "videos": [], "categories": [1, 2, 6]}}, {"model": "public.post", "pk": 5, "fields": {"user": 1, "title": "Example Warning Post", "created_datetime": "2017-05-11T08:06:44Z", "content": "This is an example of a Warning Post.", "template": 27, "controller": 7, "videos": [], "categories": [1, 2, 7]}}, {"model": "public.post", "pk": 6, "fields": {"user": 1, "title": "Example Danger Post", "created_datetime": "2017-05-11T08:07:12Z", "content": "This is an example of a Danger Post.", "template": 28, "controller": 7, "videos": [1], "categories": [1, 2, 8, 9]}}, {"model": "public.video", "pk": 1, "fields": {"owner": "Simon Yapp", "title": "TEST VIDEO", "code": "C0DPdy98e4c", "priority": "1.00", "template": 29, "controller": 8}}, {"model": "public.category", "pk": 1, "fields": {"name": "News", "template": 1, "controller": 1}}, {"model": "public.category", "pk": 2, "fields": {"name": "Example", "template": 1, "controller": 1}}, {"model": "public.category", "pk": 3, "fields": {"name": "Default", "template": 1, "controller": 1}}, {"model": "public.category", "pk": 4, "fields": {"name": "Primary", "template": 2, "controller": 1}}, {"model": "public.category", "pk": 5, "fields": {"name": "Info", "template": 3, "controller": 1}}, {"model": "public.category", "pk": 6, "fields": {"name": "Success", "template": 4, "controller": 1}}, {"model": "public.category", "pk": 7, "fields": {"name": "Warning", "template": 5, "controller": 1}}, {"model": "public.category", "pk": 8, "fields": {"name": "Danger", "template": 6, "controller": 1}}, {"model": "public.category", "pk": 9, "fields": {"name": "Video", "template": 1, "controller": 1}}, {"model": "public.footer", "pk": 1, "fields": {"name": "Standard", "template": 17, "controller": 6}}, {"model": "public.template", "pk": 1, "fields": {"name": "Category | Standard [Default]", "directory": "category/standard", "parameters": "{\r\n  \"class\": \"label-default\"\r\n}"}}, {"model": "public.template", "pk": 2, "fields": {"name": "Category | Standard [Primary]", "directory": "category/standard", "parameters": "{\r\n  \"class\": \"label-primary\"\r\n}"}}, {"model": "public.template", "pk": 3, "fields": {"name": "Category | Standard [Info]", "directory": "category/standard", "parameters": "{\r\n  \"class\": \"label-info\"\r\n}"}}, {"model": "public.template", "pk": 4, "fields": {"name": "Category | Standard [Success]", "directory": "category/standard", "parameters": "{\r\n  \"class\": \"label-success\"\r\n}"}}, {"model": "public.template", "pk": 5, "fields": {"name": "Category | Standard [Warning]", "directory": "category/standard", "parameters": "{\r\n  \"class\": \"label-warning\"\r\n}"}}, {"model": "public.template", "pk": 6, "fields": {"name": "Category | Standard [Danger]", "directory": "category/standard", "parameters": "{\r\n  \"class\": \"label-danger\"\r\n}"}}, {"model": "public.template", "pk": 7, "fields": {"name": "Page | Category [News]", "directory": "page/category", "parameters": "{\r\n  \"categories\": [\r\n    \"News\"\r\n  ]\r\n}"}}, {"model": "public.template", "pk": 8, "fields": {"name": "Header | Standard [Default]", "directory": "header/standard", "parameters": "{\r\n  \"class\": \"navbar-default\"\r\n}"}}, {"model": "public.template", "pk": 9, "fields": {"name": "Header | Standard [Inverse]", "directory": "header/standard", "parameters": "{\r\n  \"class\": \"navbar-inverse\"\r\n}"}}, {"model": "public.template", "pk": 10, "fields": {"name": "Widget | Standard [Default]", "directory": "widget/standard", "parameters": "{\r\n  \"class\": \"panel-default\"\r\n}"}}, {"model": "public.template", "pk": 11, "fields": {"name": "Widget | Standard [Primary]", "directory": "widget/standard", "parameters": "{\r\n  \"class\": \"panel-primary\"\r\n}"}}, {"model": "public.template", "pk": 12, "fields": {"name": "Widget | Standard [Info]", "directory": "widget/standard", "parameters": "{\r\n  \"class\": \"panel-info\"\r\n}"}}, {"model": "public.template", "pk": 13, "fields": {"name": "Widget | Standard [Success]", "directory": "widget/standard", "parameters": "{\r\n  \"class\": \"panel-success\"\r\n}"}}, {"model": "public.template", "pk": 14, "fields": {"name": "Widget | Standard [Warning]", "directory": "widget/standard", "parameters": "{\r\n  \"class\": \"panel-warning\"\r\n}"}}, {"model": "public.template", "pk": 15, "fields": {"name": "Widget | Standard [Danger]", "directory": "widget/standard", "parameters": "{\r\n  \"class\": \"panel-danger\"\r\n}"}}, {"model": "public.template", "pk": 16, "fields": {"name": "Sidebar | Standard", "directory": "sidebar/standard", "parameters": ""}}, {"model": "public.template", "pk": 17, "fields": {"name": "Footer | Standard [Default]", "directory": "footer/standard", "parameters": "{\r\n  \"class\": \"panel-default\"\r\n}"}}, {"model": "public.template", "pk": 18, "fields": {"name": "Footer | Standard [Primary]", "directory": "footer/standard", "parameters": "{\r\n  \"class\": \"panel-primary\"\r\n}"}}, {"model": "public.template", "pk": 19, "fields": {"name": "Footer | Standard [Info]", "directory": "footer/standard", "parameters": "{\r\n  \"class\": \"panel-info\"\r\n}"}}, {"model": "public.template", "pk": 20, "fields": {"name": "Footer | Standard [Success]", "directory": "footer/standard", "parameters": "{\r\n  \"class\": \"panel-success\"\r\n}"}}, {"model": "public.template", "pk": 21, "fields": {"name": "Footer | Standard [Warning]", "directory": "footer/standard", "parameters": "{\r\n  \"class\": \"panel-warning\"\r\n}"}}, {"model": "public.template", "pk": 22, "fields": {"name": "Footer | Standard [Danger]", "directory": "footer/standard", "parameters": "{\r\n  \"class\": \"panel-danger\"\r\n}"}}, {"model": "public.template", "pk": 23, "fields": {"name": "Post | Standard [Default]", "directory": "post/standard", "parameters": "{\r\n  \"class\": \"panel-default\"\r\n}"}}, {"model": "public.template", "pk": 24, "fields": {"name": "Post | Standard [Primary]", "directory": "post/standard", "parameters": "{\r\n  \"class\": \"panel-primary\"\r\n}"}}, {"model": "public.template", "pk": 25, "fields": {"name": "Post | Standard [Info]", "directory": "post/standard", "parameters": "{\r\n  \"class\": \"panel-info\"\r\n}"}}, {"model": "public.template", "pk": 26, "fields": {"name": "Post | Standard [Success]", "directory": "post/standard", "parameters": "{\r\n  \"class\": \"panel-success\"\r\n}"}}, {"model": "public.template", "pk": 27, "fields": {"name": "Post | Standard [Warning]", "directory": "post/standard", "parameters": "{\r\n  \"class\": \"panel-warning\"\r\n}"}}, {"model": "public.template", "pk": 28, "fields": {"name": "Post | Standard [Danger]", "directory": "post/standard", "parameters": "{\r\n  \"class\": \"panel-danger\"\r\n}"}}, {"model": "public.template", "pk": 29, "fields": {"name": "Video | Standard [16by9]", "directory": "video/standard", "parameters": "{\r\n  \"class\": \"embed-responsive-16by9\"\r\n}"}}, {"model": "public.template", "pk": 30, "fields": {"name": "Video | Standard [4by3]", "directory": "video/standard", "parameters": "{\r\n  \"class\": \"embed-responsive-4by3\"\r\n}"}}, {"model": "public.controller", "pk": 1, "fields": {"name": "Category | Default", "file": "category/default-controller"}}, {"model": "public.controller", "pk": 2, "fields": {"name": "Page | Category", "file": "page/category/controller"}}, {"model": "public.controller", "pk": 3, "fields": {"name": "Header | Default", "file": "header/default-controller"}}, {"model": "public.controller", "pk": 4, "fields": {"name": "Widget | Default", "file": "widget/default-controller"}}, {"model": "public.controller", "pk": 5, "fields": {"name": "Sidebar | Default", "file": "sidebar/default-controller"}}, {"model": "public.controller", "pk": 6, "fields": {"name": "Footer | Default", "file": "footer/default-controller"}}, {"model": "public.controller", "pk": 7, "fields": {"name": "Post | Default", "file": "post/default-controller"}}, {"model": "public.controller", "pk": 8, "fields": {"name": "Video | Default", "file": "video/default-controller"}}]