[{"model": "public.config", "pk": 1, "fields": {"name": "Standard", "style": 1, "header": 1, "left_sidebar": null, "right_sidebar": 1, "footer": 1}}, {"model": "public.header", "pk": 1, "fields": {"name": "Standard", "template": 17, "controller": 6, "pages": [1, 2, 3]}}, {"model": "public.sidebar", "pk": 1, "fields": {"name": "Standard", "template": 26, "controller": 8, "widgets": [1, 2]}}, {"model": "public.widget", "pk": 1, "fields": {"name": "GitHub Link", "content": "<div class=\"row\">\r\n  <div class=\"col-xs-4 col-xs-offset-4\">\r\n    <a href=\"https://goo.gl/qIKA1y\" class=\"thumbnail\">\r\n      <img src=\"https://goo.gl/NH6sWW\">\r\n    </a>\r\n  </div>\r\n</div>", "priority": "1.00", "template": 20, "controller": 7}}, {"model": "public.widget", "pk": 2, "fields": {"name": "TODO List", "content": "<h4 class=\"text-center\">TODO List</h4>\r\n<ul class=\"list-group\">\r\n  <li class=\"list-group-item\"><del>Setup Website</del></li>\r\n  <li class=\"list-group-item\">Write TODO List</li>\r\n  <li class=\"list-group-item\">Complete TODO List</li>\r\n</ul>", "priority": "2.00", "template": 20, "controller": 7}}, {"model": "public.page", "pk": 1, "fields": {"name": "News", "priority": "1.00", "paginator": 1, "template": 8, "controller": 4}}, {"model": "public.page", "pk": 2, "fields": {"name": "Videos", "priority": "2.00", "paginator": null, "template": 9, "controller": 4}}, {"model": "public.page", "pk": 3, "fields": {"name": "/r/test", "priority": "3.00", "paginator": 2, "template": 10, "controller": 5}}, {"model": "public.post", "pk": 1, "fields": {"user": 1, "title": "Example Default Post", "created_datetime": "2017-01-01T01:00:00Z", "content": "This is an example 'Default' post.", "template": 39, "controller": 11, "videos": [], "categories": [3, 2, 1]}}, {"model": "public.post", "pk": 2, "fields": {"user": 1, "title": "Example Primary Post", "created_datetime": "2017-01-01T02:00:00Z", "content": "This is an example 'Primary' post.", "template": 40, "controller": 11, "videos": [], "categories": [2, 1, 4]}}, {"model": "public.post", "pk": 3, "fields": {"user": 1, "title": "Example Info Post", "created_datetime": "2017-01-01T03:00:00Z", "content": "This is an example 'Info' post.", "template": 41, "controller": 11, "videos": [], "categories": [2, 5, 1]}}, {"model": "public.post", "pk": 4, "fields": {"user": 1, "title": "Example Success Post", "created_datetime": "2017-01-01T04:00:00Z", "content": "This is an example 'Success' post.", "template": 42, "controller": 11, "videos": [], "categories": [2, 1, 6]}}, {"model": "public.post", "pk": 5, "fields": {"user": 1, "title": "Example Warning Post", "created_datetime": "2017-01-01T05:00:00Z", "content": "This is an example 'Warning' post.", "template": 43, "controller": 11, "videos": [], "categories": [2, 1, 7]}}, {"model": "public.post", "pk": 6, "fields": {"user": 1, "title": "Example Danger Post", "created_datetime": "2017-01-01T06:00:00Z", "content": "This is an example 'Danger' post. It also has a video.", "template": 44, "controller": 11, "videos": [1], "categories": [8, 2, 1, 9]}}, {"model": "public.postresponse", "pk": 1, "fields": {"count": 5, "posts": [5, 4, 3, 2, 1]}}, {"model": "public.postresponse", "pk": 2, "fields": {"count": 6, "posts": [6, 5, 4, 3, 2]}}, {"model": "public.postresponse", "pk": 3, "fields": {"count": 6, "posts": [6, 5, 4, 3, 2]}}, {"model": "public.postresponse", "pk": 4, "fields": {"count": 6, "posts": [6, 5, 4, 3, 2]}}, {"model": "public.postresponse", "pk": 5, "fields": {"count": 6, "posts": [1]}}, {"model": "public.postresponse", "pk": 6, "fields": {"count": 1, "posts": [6]}}, {"model": "public.postresponse", "pk": 7, "fields": {"count": 6, "posts": [6, 5, 4, 3, 2]}}, {"model": "public.postresponse", "pk": 8, "fields": {"count": 1, "posts": [6]}}, {"model": "public.postresponse", "pk": 9, "fields": {"count": 6, "posts": [6, 5, 4, 3, 2]}}, {"model": "public.postresponse", "pk": 10, "fields": {"count": 6, "posts": [6, 5, 4, 3, 2]}}, {"model": "public.postresponse", "pk": 11, "fields": {"count": 6, "posts": [6, 5, 4, 3, 2]}}, {"model": "public.postresponse", "pk": 12, "fields": {"count": 6, "posts": [6, 5, 4, 3, 2]}}, {"model": "public.postresponse", "pk": 13, "fields": {"count": 6, "posts": [6, 5, 4, 3, 2]}}, {"model": "public.postresponse", "pk": 14, "fields": {"count": 6, "posts": [6, 5, 4, 3, 2]}}, {"model": "public.postresponse", "pk": 15, "fields": {"count": 6, "posts": [6, 5, 4, 3, 2]}}, {"model": "public.postresponse", "pk": 16, "fields": {"count": 6, "posts": [6, 5, 4, 3, 2]}}, {"model": "public.postresponse", "pk": 17, "fields": {"count": 6, "posts": [6, 5, 4, 3, 2]}}, {"model": "public.postresponse", "pk": 18, "fields": {"count": 6, "posts": [6, 5, 4, 3, 2]}}, {"model": "public.postresponse", "pk": 19, "fields": {"count": 6, "posts": [6, 5, 4, 3, 2]}}, {"model": "public.postresponse", "pk": 20, "fields": {"count": 6, "posts": [6, 5, 4, 3, 2]}}, {"model": "public.postresponse", "pk": 21, "fields": {"count": 6, "posts": [6, 5, 4, 3, 2]}}, {"model": "public.postresponse", "pk": 22, "fields": {"count": 6, "posts": [6, 5, 4, 3, 2]}}, {"model": "public.postresponse", "pk": 23, "fields": {"count": 6, "posts": [6, 5, 4, 3, 2]}}, {"model": "public.postresponse", "pk": 24, "fields": {"count": 1, "posts": [6]}}, {"model": "public.postresponse", "pk": 25, "fields": {"count": 1, "posts": [6]}}, {"model": "public.postresponse", "pk": 26, "fields": {"count": 6, "posts": [6, 5, 4, 3, 2]}}, {"model": "public.postresponse", "pk": 27, "fields": {"count": 6, "posts": [6, 5, 4, 3, 2]}}, {"model": "public.postresponse", "pk": 28, "fields": {"count": 6, "posts": [6, 5, 4, 3, 2]}}, {"model": "public.postresponse", "pk": 29, "fields": {"count": 6, "posts": [6, 5, 4, 3, 2]}}, {"model": "public.postresponse", "pk": 30, "fields": {"count": 6, "posts": [6, 5, 4, 3, 2]}}, {"model": "public.postresponse", "pk": 31, "fields": {"count": 6, "posts": [6, 5, 4, 3, 2]}}, {"model": "public.postresponse", "pk": 32, "fields": {"count": 6, "posts": [6, 5, 4, 3, 2]}}, {"model": "public.postresponse", "pk": 33, "fields": {"count": 1, "posts": [6]}}, {"model": "public.video", "pk": 1, "fields": {"owner": "Simon Yapp", "title": "TEST VIDEO", "code": "C0DPdy98e4c", "priority": "1.00", "template": 45, "controller": 12}}, {"model": "public.category", "pk": 1, "fields": {"name": "News", "priority": "1.00", "template": 33, "controller": 10}}, {"model": "public.category", "pk": 2, "fields": {"name": "Example", "priority": "2.00", "template": 33, "controller": 10}}, {"model": "public.category", "pk": 3, "fields": {"name": "Default", "priority": "4.00", "template": 33, "controller": 10}}, {"model": "public.category", "pk": 4, "fields": {"name": "Primary", "priority": "4.00", "template": 34, "controller": 10}}, {"model": "public.category", "pk": 5, "fields": {"name": "Info", "priority": "4.00", "template": 35, "controller": 10}}, {"model": "public.category", "pk": 6, "fields": {"name": "Success", "priority": "4.00", "template": 36, "controller": 10}}, {"model": "public.category", "pk": 7, "fields": {"name": "Warning", "priority": "4.00", "template": 37, "controller": 10}}, {"model": "public.category", "pk": 8, "fields": {"name": "Danger", "priority": "4.00", "template": 38, "controller": 10}}, {"model": "public.category", "pk": 9, "fields": {"name": "Video", "priority": "3.00", "template": 33, "controller": 10}}, {"model": "public.paginator", "pk": 1, "fields": {"name": "Standard", "template": 2, "controller": 2}}, {"model": "public.paginator", "pk": 2, "fields": {"name": "Reddit", "template": 5, "controller": 3}}, {"model": "public.footer", "pk": 1, "fields": {"name": "Standard", "template": 27, "controller": 9}}, {"model": "public.style", "pk": 1, "fields": {"name": "Standard", "template": 1, "controller": 1}}, {"model": "public.template", "pk": 1, "fields": {"name": "Style | Standard", "directory": "style/standard", "parameters": ""}}, {"model": "public.template", "pk": 2, "fields": {"name": "Paginator | Standard", "directory": "paginator/standard", "parameters": "{\r\n  \"class\": \"\"\r\n}"}}, {"model": "public.template", "pk": 3, "fields": {"name": "Paginator | Standard [Sm]", "directory": "paginator/standard", "parameters": "{\r\n  \"class\": \"pagination-sm\"\r\n}"}}, {"model": "public.template", "pk": 4, "fields": {"name": "Paginator | Standard [Lg]", "directory": "paginator/standard", "parameters": "{\r\n  \"class\": \"pagination-lg\"\r\n}"}}, {"model": "public.template", "pk": 5, "fields": {"name": "Paginator | Reddit", "directory": "paginator/reddit", "parameters": "{\r\n  \"class\": \"\"\r\n}"}}, {"model": "public.template", "pk": 6, "fields": {"name": "Paginator | Reddit [Sm]", "directory": "paginator/reddit", "parameters": "{\r\n  \"class\": \"pagination-sm\"\r\n}"}}, {"model": "public.template", "pk": 7, "fields": {"name": "Paginator | Reddit [Lg]", "directory": "paginator/reddit", "parameters": "{\r\n  \"class\": \"pagination-lg\"\r\n}"}}, {"model": "public.template", "pk": 8, "fields": {"name": "Page | Category [News]", "directory": "page/category", "parameters": "{\r\n  \"categories\": [\r\n    \"News\"\r\n  ]\r\n}"}}, {"model": "public.template", "pk": 9, "fields": {"name": "Page | Category [Video]", "directory": "page/category", "parameters": "{\r\n  \"categories\": [\r\n    \"Video\"\r\n  ]\r\n}"}}, {"model": "public.template", "pk": 10, "fields": {"name": "Page | Reddit [/r/test | Default]", "directory": "page/reddit", "parameters": "{\r\n  \"subreddit\": \"test\",\r\n  \"class\": \"panel-default\"\r\n}"}}, {"model": "public.template", "pk": 11, "fields": {"name": "Page | Reddit [/r/test | Primary]", "directory": "page/reddit", "parameters": "{\r\n  \"subreddit\": \"test\",\r\n  \"class\": \"panel-primary\"\r\n}"}}, {"model": "public.template", "pk": 12, "fields": {"name": "Page | Reddit [/r/test | Info]", "directory": "page/reddit", "parameters": "{\r\n  \"subreddit\": \"test\",\r\n  \"class\": \"panel-info\"\r\n}"}}, {"model": "public.template", "pk": 13, "fields": {"name": "Page | Reddit [/r/test | Success]", "directory": "page/reddit", "parameters": "{\r\n  \"subreddit\": \"test\",\r\n  \"class\": \"panel-success\"\r\n}"}}, {"model": "public.template", "pk": 14, "fields": {"name": "Page | Reddit [/r/test | Warning]", "directory": "page/reddit", "parameters": "{\r\n  \"subreddit\": \"test\",\r\n  \"class\": \"panel-warning\"\r\n}"}}, {"model": "public.template", "pk": 15, "fields": {"name": "Page | Reddit [/r/test | Danger]", "directory": "page/reddit", "parameters": "{\r\n  \"subreddit\": \"test\",\r\n  \"class\": \"panel-danger\"\r\n}"}}, {"model": "public.template", "pk": 16, "fields": {"name": "Header | Standard [Default]", "directory": "header/standard", "parameters": "{\r\n  \"class\": \"navbar-default\"\r\n}"}}, {"model": "public.template", "pk": 17, "fields": {"name": "Header | Standard [Default | Fixed]", "directory": "header/standard", "parameters": "{\r\n  \"class\": \"navbar-default\",\r\n  \"fixed\": true\r\n}"}}, {"model": "public.template", "pk": 18, "fields": {"name": "Header | Standard [Inverse]", "directory": "header/standard", "parameters": "{\r\n  \"class\": \"navbar-inverse\"\r\n}"}}, {"model": "public.template", "pk": 19, "fields": {"name": "Header | Standard [Inverse | Fixed]", "directory": "header/standard", "parameters": "{\r\n  \"class\": \"navbar-inverse\",\r\n  \"fixed\": true\r\n}"}}, {"model": "public.template", "pk": 20, "fields": {"name": "Widget | Standard [Default]", "directory": "widget/standard", "parameters": "{\r\n  \"class\": \"panel-default\"\r\n}"}}, {"model": "public.template", "pk": 21, "fields": {"name": "Widget | Standard [Primary]", "directory": "widget/standard", "parameters": "{\r\n  \"class\": \"panel-primary\"\r\n}"}}, {"model": "public.template", "pk": 22, "fields": {"name": "Widget | Standard [Info]", "directory": "widget/standard", "parameters": "{\r\n  \"class\": \"panel-info\"\r\n}"}}, {"model": "public.template", "pk": 23, "fields": {"name": "Widget | Standard [Success]", "directory": "widget/standard", "parameters": "{\r\n  \"class\": \"panel-success\"\r\n}"}}, {"model": "public.template", "pk": 24, "fields": {"name": "Widget | Standard [Warning]", "directory": "widget/standard", "parameters": "{\r\n  \"class\": \"panel-warning\"\r\n}"}}, {"model": "public.template", "pk": 25, "fields": {"name": "Widget | Standard [Danger]", "directory": "widget/standard", "parameters": "{\r\n  \"class\": \"panel-danger\"\r\n}"}}, {"model": "public.template", "pk": 26, "fields": {"name": "Sidebar | Standard", "directory": "sidebar/standard", "parameters": ""}}, {"model": "public.template", "pk": 27, "fields": {"name": "Footer | Standard [Default]", "directory": "footer/standard", "parameters": "{\r\n  \"class\": \"panel-default\"\r\n}"}}, {"model": "public.template", "pk": 28, "fields": {"name": "Footer | Standard [Primary]", "directory": "footer/standard", "parameters": "{\r\n  \"class\": \"panel-primary\"\r\n}"}}, {"model": "public.template", "pk": 29, "fields": {"name": "Footer | Standard [Info]", "directory": "footer/standard", "parameters": "{\r\n  \"class\": \"panel-info\"\r\n}"}}, {"model": "public.template", "pk": 30, "fields": {"name": "Footer | Standard [Success]", "directory": "footer/standard", "parameters": "{\r\n  \"class\": \"panel-success\"\r\n}"}}, {"model": "public.template", "pk": 31, "fields": {"name": "Footer | Standard [Warning]", "directory": "footer/standard", "parameters": "{\r\n  \"class\": \"panel-warning\"\r\n}"}}, {"model": "public.template", "pk": 32, "fields": {"name": "Footer | Standard [Danger]", "directory": "footer/standard", "parameters": "{\r\n  \"class\": \"panel-danger\"\r\n}"}}, {"model": "public.template", "pk": 33, "fields": {"name": "Category | Standard [Default]", "directory": "category/standard", "parameters": "{\r\n  \"class\": \"label-default\"\r\n}"}}, {"model": "public.template", "pk": 34, "fields": {"name": "Category | Standard [Primary]", "directory": "category/standard", "parameters": "{\r\n  \"class\": \"label-primary\"\r\n}"}}, {"model": "public.template", "pk": 35, "fields": {"name": "Category | Standard [Info]", "directory": "category/standard", "parameters": "{\r\n  \"class\": \"label-info\"\r\n}"}}, {"model": "public.template", "pk": 36, "fields": {"name": "Category | Standard [Success]", "directory": "category/standard", "parameters": "{\r\n  \"class\": \"label-success\"\r\n}"}}, {"model": "public.template", "pk": 37, "fields": {"name": "Category | Standard [Warning]", "directory": "category/standard", "parameters": "{\r\n  \"class\": \"label-warning\"\r\n}"}}, {"model": "public.template", "pk": 38, "fields": {"name": "Category | Standard [Danger]", "directory": "category/standard", "parameters": "{\r\n  \"class\": \"label-danger\"\r\n}"}}, {"model": "public.template", "pk": 39, "fields": {"name": "Post | Standard [Default]", "directory": "post/standard", "parameters": "{\r\n  \"class\": \"panel-default\"\r\n}"}}, {"model": "public.template", "pk": 40, "fields": {"name": "Post | Standard [Primary]", "directory": "post/standard", "parameters": "{\r\n  \"class\": \"panel-primary\"\r\n}"}}, {"model": "public.template", "pk": 41, "fields": {"name": "Post | Standard [Info]", "directory": "post/standard", "parameters": "{\r\n  \"class\": \"panel-info\"\r\n}"}}, {"model": "public.template", "pk": 42, "fields": {"name": "Post | Standard [Success]", "directory": "post/standard", "parameters": "{\r\n  \"class\": \"panel-success\"\r\n}"}}, {"model": "public.template", "pk": 43, "fields": {"name": "Post | Standard [Warning]", "directory": "post/standard", "parameters": "{\r\n  \"class\": \"panel-warning\"\r\n}"}}, {"model": "public.template", "pk": 44, "fields": {"name": "Post | Standard [Danger]", "directory": "post/standard", "parameters": "{\r\n  \"class\": \"panel-danger\"\r\n}"}}, {"model": "public.template", "pk": 45, "fields": {"name": "Video | Standard [16by9]", "directory": "video/standard", "parameters": "{\r\n  \"class\": \"embed-responsive-16by9\"\r\n}"}}, {"model": "public.template", "pk": 46, "fields": {"name": "Video | Standard [4by3]", "directory": "video/standard", "parameters": "{\r\n  \"class\": \"embed-responsive-4by3\"\r\n}"}}, {"model": "public.controller", "pk": 1, "fields": {"name": "Style | Default", "file": "style/default-controller"}}, {"model": "public.controller", "pk": 2, "fields": {"name": "Paginator | Standard", "file": "paginator/standard/controller"}}, {"model": "public.controller", "pk": 3, "fields": {"name": "Paginator | Reddit", "file": "paginator/reddit/controller"}}, {"model": "public.controller", "pk": 4, "fields": {"name": "Page | Category", "file": "page/category/controller"}}, {"model": "public.controller", "pk": 5, "fields": {"name": "Page | Reddit", "file": "page/reddit/controller"}}, {"model": "public.controller", "pk": 6, "fields": {"name": "Header | Default", "file": "header/default-controller"}}, {"model": "public.controller", "pk": 7, "fields": {"name": "Widget | Default", "file": "widget/default-controller"}}, {"model": "public.controller", "pk": 8, "fields": {"name": "Sidebar | Default", "file": "sidebar/default-controller"}}, {"model": "public.controller", "pk": 9, "fields": {"name": "Footer | Default", "file": "footer/default-controller"}}, {"model": "public.controller", "pk": 10, "fields": {"name": "Category | Default", "file": "category/default-controller"}}, {"model": "public.controller", "pk": 11, "fields": {"name": "Post | Default", "file": "post/default-controller"}}, {"model": "public.controller", "pk": 12, "fields": {"name": "Video | Default", "file": "video/default-controller"}}]