[{"model": "public.config", "pk": 1, "fields": {"name": "Standard", "header": 1, "left_sidebar": null, "right_sidebar": 1, "footer": 1}}, {"model": "public.header", "pk": 1, "fields": {"name": "Standard", "template": 9, "controller": 3, "pages": [1, 2, 3]}}, {"model": "public.sidebar", "pk": 1, "fields": {"name": "Standard", "template": 16, "controller": 5, "widgets": [1, 2]}}, {"model": "public.widget", "pk": 1, "fields": {"name": "GitHub Link", "content": "<div class=\"row\">\r\n  <div class=\"col-xs-4 col-xs-offset-4\">\r\n    <a href=\"https://goo.gl/qIKA1y\" class=\"thumbnail\">\r\n      <img src=\"https://goo.gl/NH6sWW\">\r\n    </a>\r\n  </div>\r\n</div>", "priority": "1.00", "template": 10, "controller": 4}}, {"model": "public.widget", "pk": 2, "fields": {"name": "TODO List", "content": "<h4 class=\"text-center\">TODO List</h4>\r\n<ul class=\"list-group\">\r\n  <li class=\"list-group-item\"><del>Setup Website</del></li>\r\n  <li class=\"list-group-item\">Write TODO List</li>\r\n  <li class=\"list-group-item\">Complete TODO List</li>\r\n</ul>", "priority": "2.00", "template": 10, "controller": 4}}, {"model": "public.page", "pk": 1, "fields": {"name": "News", "priority": "1.00", "paginator": 1, "template": 7, "controller": 2}}, {"model": "public.page", "pk": 2, "fields": {"name": "Videos", "priority": "2.00", "paginator": null, "template": 31, "controller": 2}}, {"model": "public.page", "pk": 3, "fields": {"name": "/r/test", "priority": "3.00", "paginator": 2, "template": 38, "controller": 11}}, {"model": "public.post", "pk": 1, "fields": {"user": 1, "title": "Example Default Post", "created_datetime": "2017-05-11T07:59:42Z", "content": "This is an example of a Default Post.", "template": 23, "controller": 7, "videos": [], "categories": [1, 2, 3]}}, {"model": "public.post", "pk": 2, "fields": {"user": 1, "title": "Example Primary Post", "created_datetime": "2017-05-11T08:05:11Z", "content": "This is an example of a Primary Post.", "template": 24, "controller": 7, "videos": [], "categories": [1, 2, 4]}}, {"model": "public.post", "pk": 3, "fields": {"user": 1, "title": "Example Info Post", "created_datetime": "2017-05-11T08:05:39Z", "content": "This is an example of an Info Post.", "template": 25, "controller": 7, "videos": [], "categories": [1, 2, 5]}}, {"model": "public.post", "pk": 4, "fields": {"user": 1, "title": "Example Success Post", "created_datetime": "2017-05-11T08:06:16Z", "content": "This is an example of a Success Post.", "template": 26, "controller": 7, "videos": [], "categories": [1, 2, 6]}}, {"model": "public.post", "pk": 5, "fields": {"user": 1, "title": "Example Warning Post", "created_datetime": "2017-05-11T08:06:44Z", "content": "This is an example of a Warning Post.", "template": 27, "controller": 7, "videos": [], "categories": [1, 2, 7]}}, {"model": "public.post", "pk": 6, "fields": {"user": 1, "title": "Example Danger Post", "created_datetime": "2017-05-11T08:07:12Z", "content": "This is an example of a Danger Post.", "template": 28, "controller": 7, "videos": [1], "categories": [1, 2, 8, 9]}}, {"model": "public.postresponse", "pk": 1, "fields": {"count": 6, "posts": [2, 3, 4, 5, 6]}}, {"model": "public.postresponse", "pk": 2, "fields": {"count": 6, "posts": [2, 3, 4, 5, 6]}}, {"model": "public.postresponse", "pk": 3, "fields": {"count": 6, "posts": [2, 3, 4, 5, 6]}}, {"model": "public.postresponse", "pk": 4, "fields": {"count": 6, "posts": [2, 3, 4, 5, 6]}}, {"model": "public.postresponse", "pk": 5, "fields": {"count": 6, "posts": [2, 3, 4, 5, 6]}}, {"model": "public.postresponse", "pk": 6, "fields": {"count": 6, "posts": [2, 3, 4, 5, 6]}}, {"model": "public.postresponse", "pk": 7, "fields": {"count": 6, "posts": [2, 3, 4, 5, 6]}}, {"model": "public.postresponse", "pk": 8, "fields": {"count": 6, "posts": [2, 3, 4, 5, 6]}}, {"model": "public.postresponse", "pk": 9, "fields": {"count": 6, "posts": [2, 3, 4, 5, 6]}}, {"model": "public.postresponse", "pk": 10, "fields": {"count": 6, "posts": [2, 3, 4, 5, 6]}}, {"model": "public.postresponse", "pk": 11, "fields": {"count": 6, "posts": [2, 3, 4, 5, 6]}}, {"model": "public.postresponse", "pk": 12, "fields": {"count": 6, "posts": [2, 3, 4, 5, 6]}}, {"model": "public.postresponse", "pk": 13, "fields": {"count": 6, "posts": [1]}}, {"model": "public.postresponse", "pk": 14, "fields": {"count": 6, "posts": [2, 3, 4, 5, 6]}}, {"model": "public.postresponse", "pk": 15, "fields": {"count": 6, "posts": [1]}}, {"model": "public.postresponse", "pk": 16, "fields": {"count": 6, "posts": [2, 3, 4, 5, 6]}}, {"model": "public.postresponse", "pk": 17, "fields": {"count": 6, "posts": [2, 3, 4, 5, 6]}}, {"model": "public.postresponse", "pk": 18, "fields": {"count": 6, "posts": [2, 3, 4, 5, 6]}}, {"model": "public.postresponse", "pk": 19, "fields": {"count": 6, "posts": [2, 3, 4, 5, 6]}}, {"model": "public.postresponse", "pk": 20, "fields": {"count": 6, "posts": [2, 3, 4, 5, 6]}}, {"model": "public.postresponse", "pk": 21, "fields": {"count": 6, "posts": [2, 3, 4, 5, 6]}}, {"model": "public.postresponse", "pk": 22, "fields": {"count": 6, "posts": [2, 3, 4, 5, 6]}}, {"model": "public.postresponse", "pk": 23, "fields": {"count": 6, "posts": [2, 3, 4, 5, 6]}}, {"model": "public.postresponse", "pk": 24, "fields": {"count": 6, "posts": [2, 3, 4, 5, 6]}}, {"model": "public.postresponse", "pk": 25, "fields": {"count": 6, "posts": [2, 3, 4, 5, 6]}}, {"model": "public.postresponse", "pk": 26, "fields": {"count": 6, "posts": [1]}}, {"model": "public.postresponse", "pk": 27, "fields": {"count": 6, "posts": [2, 3, 4, 5, 6]}}, {"model": "public.postresponse", "pk": 28, "fields": {"count": 6, "posts": [2, 3, 4, 5, 6]}}, {"model": "public.postresponse", "pk": 29, "fields": {"count": 6, "posts": [1]}}, {"model": "public.postresponse", "pk": 30, "fields": {"count": 6, "posts": [2, 3, 4, 5, 6]}}, {"model": "public.postresponse", "pk": 31, "fields": {"count": 6, "posts": [2, 3, 4, 5, 6]}}, {"model": "public.postresponse", "pk": 32, "fields": {"count": 6, "posts": [2, 3, 4, 5, 6]}}, {"model": "public.postresponse", "pk": 33, "fields": {"count": 6, "posts": [2, 3, 4, 5, 6]}}, {"model": "public.postresponse", "pk": 34, "fields": {"count": 6, "posts": [2, 3, 4, 5, 6]}}, {"model": "public.postresponse", "pk": 35, "fields": {"count": 6, "posts": [2, 3, 4, 5, 6]}}, {"model": "public.postresponse", "pk": 36, "fields": {"count": 6, "posts": [2, 3, 4, 5, 6]}}, {"model": "public.postresponse", "pk": 37, "fields": {"count": 6, "posts": [2, 3, 4, 5, 6]}}, {"model": "public.postresponse", "pk": 38, "fields": {"count": 6, "posts": [2, 3, 4, 5, 6]}}, {"model": "public.postresponse", "pk": 39, "fields": {"count": 6, "posts": [2, 3, 4, 5, 6]}}, {"model": "public.postresponse", "pk": 40, "fields": {"count": 6, "posts": [2, 3, 4, 5, 6]}}, {"model": "public.postresponse", "pk": 41, "fields": {"count": 6, "posts": [2, 3, 4, 5, 6]}}, {"model": "public.postresponse", "pk": 42, "fields": {"count": 6, "posts": [2, 3, 4, 5, 6]}}, {"model": "public.postresponse", "pk": 43, "fields": {"count": 6, "posts": [2, 3, 4, 5, 6]}}, {"model": "public.postresponse", "pk": 44, "fields": {"count": 6, "posts": [2, 3, 4, 5, 6]}}, {"model": "public.postresponse", "pk": 45, "fields": {"count": 6, "posts": [2, 3, 4, 5, 6]}}, {"model": "public.postresponse", "pk": 46, "fields": {"count": 6, "posts": [1]}}, {"model": "public.postresponse", "pk": 47, "fields": {"count": 6, "posts": [2, 3, 4, 5, 6]}}, {"model": "public.postresponse", "pk": 48, "fields": {"count": 6, "posts": [1]}}, {"model": "public.postresponse", "pk": 49, "fields": {"count": 6, "posts": [2, 3, 4, 5, 6]}}, {"model": "public.postresponse", "pk": 50, "fields": {"count": 6, "posts": [1]}}, {"model": "public.postresponse", "pk": 51, "fields": {"count": 6, "posts": [2, 3, 4, 5, 6]}}, {"model": "public.postresponse", "pk": 52, "fields": {"count": 6, "posts": [2, 3, 4, 5, 6]}}, {"model": "public.postresponse", "pk": 53, "fields": {"count": 6, "posts": [2, 3, 4, 5, 6]}}, {"model": "public.postresponse", "pk": 54, "fields": {"count": 6, "posts": [2, 3, 4, 5, 6]}}, {"model": "public.postresponse", "pk": 55, "fields": {"count": 6, "posts": [2, 3, 4, 5, 6]}}, {"model": "public.postresponse", "pk": 56, "fields": {"count": 6, "posts": [2, 3, 4, 5, 6]}}, {"model": "public.postresponse", "pk": 57, "fields": {"count": 6, "posts": [2, 3, 4, 5, 6]}}, {"model": "public.postresponse", "pk": 58, "fields": {"count": 6, "posts": [2, 3, 4, 5, 6]}}, {"model": "public.postresponse", "pk": 59, "fields": {"count": 6, "posts": [2, 3, 4, 5, 6]}}, {"model": "public.postresponse", "pk": 60, "fields": {"count": 6, "posts": [2, 3, 4, 5, 6]}}, {"model": "public.postresponse", "pk": 61, "fields": {"count": 6, "posts": [2, 3, 4, 5, 6]}}, {"model": "public.postresponse", "pk": 62, "fields": {"count": 6, "posts": [2, 3, 4, 5, 6]}}, {"model": "public.postresponse", "pk": 63, "fields": {"count": 6, "posts": [2, 3, 4, 5, 6]}}, {"model": "public.postresponse", "pk": 64, "fields": {"count": 6, "posts": [2, 3, 4, 5, 6]}}, {"model": "public.postresponse", "pk": 65, "fields": {"count": 6, "posts": [1]}}, {"model": "public.postresponse", "pk": 66, "fields": {"count": 6, "posts": [1]}}, {"model": "public.postresponse", "pk": 67, "fields": {"count": 6, "posts": [2, 3, 4, 5, 6]}}, {"model": "public.postresponse", "pk": 68, "fields": {"count": 1, "posts": [6]}}, {"model": "public.postresponse", "pk": 69, "fields": {"count": 1, "posts": [6]}}, {"model": "public.postresponse", "pk": 70, "fields": {"count": 6, "posts": [2, 3, 4, 5, 6]}}, {"model": "public.postresponse", "pk": 71, "fields": {"count": 6, "posts": [1]}}, {"model": "public.postresponse", "pk": 72, "fields": {"count": 6, "posts": [1]}}, {"model": "public.postresponse", "pk": 73, "fields": {"count": 1, "posts": [6]}}, {"model": "public.postresponse", "pk": 74, "fields": {"count": 6, "posts": [2, 3, 4, 5, 6]}}, {"model": "public.postresponse", "pk": 75, "fields": {"count": 1, "posts": [6]}}, {"model": "public.postresponse", "pk": 76, "fields": {"count": 1, "posts": [6]}}, {"model": "public.postresponse", "pk": 77, "fields": {"count": 6, "posts": [2, 3, 4, 5, 6]}}, {"model": "public.postresponse", "pk": 78, "fields": {"count": 6, "posts": [2, 3, 4, 5, 6]}}, {"model": "public.postresponse", "pk": 79, "fields": {"count": 6, "posts": [2, 3, 4, 5, 6]}}, {"model": "public.postresponse", "pk": 80, "fields": {"count": 6, "posts": [2, 3, 4, 5, 6]}}, {"model": "public.postresponse", "pk": 81, "fields": {"count": 1, "posts": [6]}}, {"model": "public.postresponse", "pk": 82, "fields": {"count": 6, "posts": [1]}}, {"model": "public.postresponse", "pk": 83, "fields": {"count": 6, "posts": [1]}}, {"model": "public.postresponse", "pk": 84, "fields": {"count": 1, "posts": [6]}}, {"model": "public.postresponse", "pk": 85, "fields": {"count": 6, "posts": [2, 3, 4, 5, 6]}}, {"model": "public.postresponse", "pk": 86, "fields": {"count": 6, "posts": [1]}}, {"model": "public.postresponse", "pk": 87, "fields": {"count": 6, "posts": [1]}}, {"model": "public.postresponse", "pk": 88, "fields": {"count": 6, "posts": [2, 3, 4, 5, 6]}}, {"model": "public.postresponse", "pk": 89, "fields": {"count": 1, "posts": [6]}}, {"model": "public.postresponse", "pk": 90, "fields": {"count": 6, "posts": [1]}}, {"model": "public.postresponse", "pk": 91, "fields": {"count": 6, "posts": [1]}}, {"model": "public.postresponse", "pk": 92, "fields": {"count": 6, "posts": [2, 3, 4, 5, 6]}}, {"model": "public.postresponse", "pk": 93, "fields": {"count": 6, "posts": [2, 3, 4, 5, 6]}}, {"model": "public.postresponse", "pk": 94, "fields": {"count": 6, "posts": [2, 3, 4, 5, 6]}}, {"model": "public.postresponse", "pk": 95, "fields": {"count": 1, "posts": [6]}}, {"model": "public.postresponse", "pk": 96, "fields": {"count": 6, "posts": [1]}}, {"model": "public.postresponse", "pk": 97, "fields": {"count": 6, "posts": [2, 3, 4, 5, 6]}}, {"model": "public.postresponse", "pk": 98, "fields": {"count": 1, "posts": [6]}}, {"model": "public.postresponse", "pk": 99, "fields": {"count": 6, "posts": [1]}}, {"model": "public.postresponse", "pk": 100, "fields": {"count": 6, "posts": [2, 3, 4, 5, 6]}}, {"model": "public.postresponse", "pk": 101, "fields": {"count": 1, "posts": [6]}}, {"model": "public.postresponse", "pk": 102, "fields": {"count": 6, "posts": [1]}}, {"model": "public.postresponse", "pk": 103, "fields": {"count": 6, "posts": [2, 3, 4, 5, 6]}}, {"model": "public.postresponse", "pk": 104, "fields": {"count": 1, "posts": [6]}}, {"model": "public.postresponse", "pk": 105, "fields": {"count": 6, "posts": [2, 3, 4, 5, 6]}}, {"model": "public.postresponse", "pk": 106, "fields": {"count": 6, "posts": [2, 3, 4, 5, 6]}}, {"model": "public.postresponse", "pk": 107, "fields": {"count": 6, "posts": [2, 3, 4, 5, 6]}}, {"model": "public.postresponse", "pk": 108, "fields": {"count": 6, "posts": [2, 3, 4, 5, 6]}}, {"model": "public.postresponse", "pk": 109, "fields": {"count": 6, "posts": [2, 3, 4, 5, 6]}}, {"model": "public.postresponse", "pk": 110, "fields": {"count": 6, "posts": [2, 3, 4, 5, 6]}}, {"model": "public.postresponse", "pk": 111, "fields": {"count": 6, "posts": [2, 3, 4, 5, 6]}}, {"model": "public.postresponse", "pk": 112, "fields": {"count": 6, "posts": [2, 3, 4, 5, 6]}}, {"model": "public.postresponse", "pk": 113, "fields": {"count": 6, "posts": [2, 3, 4, 5, 6]}}, {"model": "public.postresponse", "pk": 114, "fields": {"count": 6, "posts": [2, 3, 4, 5, 6]}}, {"model": "public.postresponse", "pk": 115, "fields": {"count": 6, "posts": [1]}}, {"model": "public.postresponse", "pk": 116, "fields": {"count": 6, "posts": [2, 3, 4, 5, 6]}}, {"model": "public.postresponse", "pk": 117, "fields": {"count": 6, "posts": [2, 3, 4, 5, 6]}}, {"model": "public.postresponse", "pk": 118, "fields": {"count": 6, "posts": [2, 3, 4, 5, 6]}}, {"model": "public.postresponse", "pk": 119, "fields": {"count": 6, "posts": [2, 3, 4, 5, 6]}}, {"model": "public.postresponse", "pk": 120, "fields": {"count": 6, "posts": [2, 3, 4, 5, 6]}}, {"model": "public.postresponse", "pk": 121, "fields": {"count": 6, "posts": [2, 3, 4, 5, 6]}}, {"model": "public.postresponse", "pk": 122, "fields": {"count": 6, "posts": [2, 3, 4, 5, 6]}}, {"model": "public.postresponse", "pk": 123, "fields": {"count": 6, "posts": [2, 3, 4, 5, 6]}}, {"model": "public.postresponse", "pk": 124, "fields": {"count": 1, "posts": [6]}}, {"model": "public.postresponse", "pk": 125, "fields": {"count": 1, "posts": [6]}}, {"model": "public.postresponse", "pk": 126, "fields": {"count": 1, "posts": [6]}}, {"model": "public.postresponse", "pk": 127, "fields": {"count": 1, "posts": [6]}}, {"model": "public.postresponse", "pk": 128, "fields": {"count": 1, "posts": [6]}}, {"model": "public.postresponse", "pk": 129, "fields": {"count": 1, "posts": [6]}}, {"model": "public.postresponse", "pk": 130, "fields": {"count": 6, "posts": [2, 3, 4, 5, 6]}}, {"model": "public.postresponse", "pk": 131, "fields": {"count": 6, "posts": [2, 3, 4, 5, 6]}}, {"model": "public.postresponse", "pk": 132, "fields": {"count": 6, "posts": [2, 3, 4, 5, 6]}}, {"model": "public.postresponse", "pk": 133, "fields": {"count": 6, "posts": [2, 3, 4, 5, 6]}}, {"model": "public.postresponse", "pk": 134, "fields": {"count": 6, "posts": [2, 3, 4, 5, 6]}}, {"model": "public.postresponse", "pk": 135, "fields": {"count": 6, "posts": [2, 3, 4, 5, 6]}}, {"model": "public.postresponse", "pk": 136, "fields": {"count": 6, "posts": [2, 3, 4, 5, 6]}}, {"model": "public.postresponse", "pk": 137, "fields": {"count": 6, "posts": [2, 3, 4, 5, 6]}}, {"model": "public.postresponse", "pk": 138, "fields": {"count": 1, "posts": [6]}}, {"model": "public.postresponse", "pk": 139, "fields": {"count": 6, "posts": [2, 3, 4, 5, 6]}}, {"model": "public.postresponse", "pk": 140, "fields": {"count": 1, "posts": [6]}}, {"model": "public.postresponse", "pk": 141, "fields": {"count": 6, "posts": [2, 3, 4, 5, 6]}}, {"model": "public.postresponse", "pk": 142, "fields": {"count": 1, "posts": [6]}}, {"model": "public.postresponse", "pk": 143, "fields": {"count": 6, "posts": [2, 3, 4, 5, 6]}}, {"model": "public.postresponse", "pk": 144, "fields": {"count": 1, "posts": [6]}}, {"model": "public.postresponse", "pk": 145, "fields": {"count": 6, "posts": [2, 3, 4, 5, 6]}}, {"model": "public.postresponse", "pk": 146, "fields": {"count": 6, "posts": [2, 3, 4, 5, 6]}}, {"model": "public.postresponse", "pk": 147, "fields": {"count": 1, "posts": [6]}}, {"model": "public.postresponse", "pk": 148, "fields": {"count": 6, "posts": [2, 3, 4, 5, 6]}}, {"model": "public.postresponse", "pk": 149, "fields": {"count": 1, "posts": [6]}}, {"model": "public.postresponse", "pk": 150, "fields": {"count": 6, "posts": [2, 3, 4, 5, 6]}}, {"model": "public.postresponse", "pk": 151, "fields": {"count": 1, "posts": [6]}}, {"model": "public.postresponse", "pk": 152, "fields": {"count": 6, "posts": [2, 3, 4, 5, 6]}}, {"model": "public.postresponse", "pk": 153, "fields": {"count": 1, "posts": [6]}}, {"model": "public.postresponse", "pk": 154, "fields": {"count": 1, "posts": [6]}}, {"model": "public.postresponse", "pk": 155, "fields": {"count": 1, "posts": [6]}}, {"model": "public.postresponse", "pk": 156, "fields": {"count": 6, "posts": [2, 3, 4, 5, 6]}}, {"model": "public.postresponse", "pk": 157, "fields": {"count": 6, "posts": [2, 3, 4, 5, 6]}}, {"model": "public.postresponse", "pk": 158, "fields": {"count": 6, "posts": [2, 3, 4, 5, 6]}}, {"model": "public.postresponse", "pk": 159, "fields": {"count": 6, "posts": [2, 3, 4, 5, 6]}}, {"model": "public.postresponse", "pk": 160, "fields": {"count": 6, "posts": [2, 3, 4, 5, 6]}}, {"model": "public.postresponse", "pk": 161, "fields": {"count": 6, "posts": [2, 3, 4, 5, 6]}}, {"model": "public.postresponse", "pk": 162, "fields": {"count": 6, "posts": [2, 3, 4, 5, 6]}}, {"model": "public.postresponse", "pk": 163, "fields": {"count": 6, "posts": [2, 3, 4, 5, 6]}}, {"model": "public.postresponse", "pk": 164, "fields": {"count": 6, "posts": [2, 3, 4, 5, 6]}}, {"model": "public.postresponse", "pk": 165, "fields": {"count": 6, "posts": [2, 3, 4, 5, 6]}}, {"model": "public.postresponse", "pk": 166, "fields": {"count": 6, "posts": [2, 3, 4, 5, 6]}}, {"model": "public.postresponse", "pk": 167, "fields": {"count": 6, "posts": [2, 3, 4, 5, 6]}}, {"model": "public.postresponse", "pk": 168, "fields": {"count": 6, "posts": [2, 3, 4, 5, 6]}}, {"model": "public.postresponse", "pk": 169, "fields": {"count": 6, "posts": [2, 3, 4, 5, 6]}}, {"model": "public.postresponse", "pk": 170, "fields": {"count": 6, "posts": [2, 3, 4, 5, 6]}}, {"model": "public.postresponse", "pk": 171, "fields": {"count": 6, "posts": [2, 3, 4, 5, 6]}}, {"model": "public.postresponse", "pk": 172, "fields": {"count": 1, "posts": [6]}}, {"model": "public.postresponse", "pk": 173, "fields": {"count": 6, "posts": [2, 3, 4, 5, 6]}}, {"model": "public.postresponse", "pk": 174, "fields": {"count": 1, "posts": [6]}}, {"model": "public.postresponse", "pk": 175, "fields": {"count": 1, "posts": [6]}}, {"model": "public.postresponse", "pk": 176, "fields": {"count": 6, "posts": [2, 3, 4, 5, 6]}}, {"model": "public.postresponse", "pk": 177, "fields": {"count": 6, "posts": [2, 3, 4, 5, 6]}}, {"model": "public.postresponse", "pk": 178, "fields": {"count": 6, "posts": [2, 3, 4, 5, 6]}}, {"model": "public.postresponse", "pk": 179, "fields": {"count": 1, "posts": [6]}}, {"model": "public.postresponse", "pk": 180, "fields": {"count": 6, "posts": [2, 3, 4, 5, 6]}}, {"model": "public.postresponse", "pk": 181, "fields": {"count": 1, "posts": [6]}}, {"model": "public.postresponse", "pk": 182, "fields": {"count": 1, "posts": [6]}}, {"model": "public.postresponse", "pk": 183, "fields": {"count": 6, "posts": [2, 3, 4, 5, 6]}}, {"model": "public.postresponse", "pk": 184, "fields": {"count": 6, "posts": [2, 3, 4, 5, 6]}}, {"model": "public.video", "pk": 1, "fields": {"owner": "Simon Yapp", "title": "TEST VIDEO", "code": "C0DPdy98e4c", "priority": "1.00", "template": 29, "controller": 8}}, {"model": "public.category", "pk": 1, "fields": {"name": "News", "priority": "1.00", "template": 1, "controller": 1}}, {"model": "public.category", "pk": 2, "fields": {"name": "Example", "priority": "3.00", "template": 1, "controller": 1}}, {"model": "public.category", "pk": 3, "fields": {"name": "Default", "priority": "4.00", "template": 1, "controller": 1}}, {"model": "public.category", "pk": 4, "fields": {"name": "Primary", "priority": "4.00", "template": 2, "controller": 1}}, {"model": "public.category", "pk": 5, "fields": {"name": "Info", "priority": "4.00", "template": 3, "controller": 1}}, {"model": "public.category", "pk": 6, "fields": {"name": "Success", "priority": "4.00", "template": 4, "controller": 1}}, {"model": "public.category", "pk": 7, "fields": {"name": "Warning", "priority": "4.00", "template": 5, "controller": 1}}, {"model": "public.category", "pk": 8, "fields": {"name": "Danger", "priority": "4.00", "template": 6, "controller": 1}}, {"model": "public.category", "pk": 9, "fields": {"name": "Video", "priority": "2.00", "template": 1, "controller": 1}}, {"model": "public.paginator", "pk": 1, "fields": {"name": "Standard", "template": 32, "controller": 9}}, {"model": "public.paginator", "pk": 2, "fields": {"name": "Reddit", "template": 36, "controller": 10}}, {"model": "public.footer", "pk": 1, "fields": {"name": "Standard", "template": 17, "controller": 6}}, {"model": "public.template", "pk": 1, "fields": {"name": "Category | Standard [Default]", "directory": "category/standard", "parameters": "{\r\n  \"class\": \"label-default\"\r\n}"}}, {"model": "public.template", "pk": 2, "fields": {"name": "Category | Standard [Primary]", "directory": "category/standard", "parameters": "{\r\n  \"class\": \"label-primary\"\r\n}"}}, {"model": "public.template", "pk": 3, "fields": {"name": "Category | Standard [Info]", "directory": "category/standard", "parameters": "{\r\n  \"class\": \"label-info\"\r\n}"}}, {"model": "public.template", "pk": 4, "fields": {"name": "Category | Standard [Success]", "directory": "category/standard", "parameters": "{\r\n  \"class\": \"label-success\"\r\n}"}}, {"model": "public.template", "pk": 5, "fields": {"name": "Category | Standard [Warning]", "directory": "category/standard", "parameters": "{\r\n  \"class\": \"label-warning\"\r\n}"}}, {"model": "public.template", "pk": 6, "fields": {"name": "Category | Standard [Danger]", "directory": "category/standard", "parameters": "{\r\n  \"class\": \"label-danger\"\r\n}"}}, {"model": "public.template", "pk": 7, "fields": {"name": "Page | Category [News]", "directory": "page/category", "parameters": "{\r\n  \"categories\": [\r\n    \"News\"\r\n  ]\r\n}"}}, {"model": "public.template", "pk": 8, "fields": {"name": "Header | Standard [Default]", "directory": "header/standard", "parameters": "{\r\n  \"class\": \"navbar-default\"\r\n}"}}, {"model": "public.template", "pk": 9, "fields": {"name": "Header | Standard [Inverse]", "directory": "header/standard", "parameters": "{\r\n  \"class\": \"navbar-inverse\"\r\n}"}}, {"model": "public.template", "pk": 10, "fields": {"name": "Widget | Standard [Default]", "directory": "widget/standard", "parameters": "{\r\n  \"class\": \"panel-default\"\r\n}"}}, {"model": "public.template", "pk": 11, "fields": {"name": "Widget | Standard [Primary]", "directory": "widget/standard", "parameters": "{\r\n  \"class\": \"panel-primary\"\r\n}"}}, {"model": "public.template", "pk": 12, "fields": {"name": "Widget | Standard [Info]", "directory": "widget/standard", "parameters": "{\r\n  \"class\": \"panel-info\"\r\n}"}}, {"model": "public.template", "pk": 13, "fields": {"name": "Widget | Standard [Success]", "directory": "widget/standard", "parameters": "{\r\n  \"class\": \"panel-success\"\r\n}"}}, {"model": "public.template", "pk": 14, "fields": {"name": "Widget | Standard [Warning]", "directory": "widget/standard", "parameters": "{\r\n  \"class\": \"panel-warning\"\r\n}"}}, {"model": "public.template", "pk": 15, "fields": {"name": "Widget | Standard [Danger]", "directory": "widget/standard", "parameters": "{\r\n  \"class\": \"panel-danger\"\r\n}"}}, {"model": "public.template", "pk": 16, "fields": {"name": "Sidebar | Standard", "directory": "sidebar/standard", "parameters": ""}}, {"model": "public.template", "pk": 17, "fields": {"name": "Footer | Standard [Default]", "directory": "footer/standard", "parameters": "{\r\n  \"class\": \"panel-default\"\r\n}"}}, {"model": "public.template", "pk": 18, "fields": {"name": "Footer | Standard [Primary]", "directory": "footer/standard", "parameters": "{\r\n  \"class\": \"panel-primary\"\r\n}"}}, {"model": "public.template", "pk": 19, "fields": {"name": "Footer | Standard [Info]", "directory": "footer/standard", "parameters": "{\r\n  \"class\": \"panel-info\"\r\n}"}}, {"model": "public.template", "pk": 20, "fields": {"name": "Footer | Standard [Success]", "directory": "footer/standard", "parameters": "{\r\n  \"class\": \"panel-success\"\r\n}"}}, {"model": "public.template", "pk": 21, "fields": {"name": "Footer | Standard [Warning]", "directory": "footer/standard", "parameters": "{\r\n  \"class\": \"panel-warning\"\r\n}"}}, {"model": "public.template", "pk": 22, "fields": {"name": "Footer | Standard [Danger]", "directory": "footer/standard", "parameters": "{\r\n  \"class\": \"panel-danger\"\r\n}"}}, {"model": "public.template", "pk": 23, "fields": {"name": "Post | Standard [Default]", "directory": "post/standard", "parameters": "{\r\n  \"class\": \"panel-default\"\r\n}"}}, {"model": "public.template", "pk": 24, "fields": {"name": "Post | Standard [Primary]", "directory": "post/standard", "parameters": "{\r\n  \"class\": \"panel-primary\"\r\n}"}}, {"model": "public.template", "pk": 25, "fields": {"name": "Post | Standard [Info]", "directory": "post/standard", "parameters": "{\r\n  \"class\": \"panel-info\"\r\n}"}}, {"model": "public.template", "pk": 26, "fields": {"name": "Post | Standard [Success]", "directory": "post/standard", "parameters": "{\r\n  \"class\": \"panel-success\"\r\n}"}}, {"model": "public.template", "pk": 27, "fields": {"name": "Post | Standard [Warning]", "directory": "post/standard", "parameters": "{\r\n  \"class\": \"panel-warning\"\r\n}"}}, {"model": "public.template", "pk": 28, "fields": {"name": "Post | Standard [Danger]", "directory": "post/standard", "parameters": "{\r\n  \"class\": \"panel-danger\"\r\n}"}}, {"model": "public.template", "pk": 29, "fields": {"name": "Video | Standard [16by9]", "directory": "video/standard", "parameters": "{\r\n  \"class\": \"embed-responsive-16by9\"\r\n}"}}, {"model": "public.template", "pk": 30, "fields": {"name": "Video | Standard [4by3]", "directory": "video/standard", "parameters": "{\r\n  \"class\": \"embed-responsive-4by3\"\r\n}"}}, {"model": "public.template", "pk": 31, "fields": {"name": "Page | Category [Video]", "directory": "page/category", "parameters": "{\r\n  \"categories\": [\r\n    \"Video\"\r\n  ]\r\n}"}}, {"model": "public.template", "pk": 32, "fields": {"name": "Paginator | Standard", "directory": "paginator/standard", "parameters": ""}}, {"model": "public.template", "pk": 33, "fields": {"name": "Paginator | Standard [Lg]", "directory": "paginator/standard", "parameters": "{\r\n  \"class\": \"paginator-lg\"\r\n}"}}, {"model": "public.template", "pk": 34, "fields": {"name": "Paginator | Standard [Sm]", "directory": "paginator/standard", "parameters": "{\r\n  \"class\": \"paginator-sm\"\r\n}"}}, {"model": "public.template", "pk": 35, "fields": {"name": "Paginator | Reddit", "directory": "paginator/reddit", "parameters": ""}}, {"model": "public.template", "pk": 36, "fields": {"name": "Paginator | Reddit [Lg]", "directory": "paginator/reddit", "parameters": "{\r\n  \"class\": \"pagination-lg\"\r\n}"}}, {"model": "public.template", "pk": 37, "fields": {"name": "Paginator | Reddit [Sm]", "directory": "paginator/reddit", "parameters": "{\r\n  \"class\": \"pagination-sm\"\r\n}"}}, {"model": "public.template", "pk": 38, "fields": {"name": "Page | Reddit [Test / Default]", "directory": "page/reddit", "parameters": "{\r\n  \"subreddit\": \"test\",\r\n  \"class\": \"panel-default\"\r\n}"}}, {"model": "public.controller", "pk": 1, "fields": {"name": "Category | Default", "file": "category/default-controller"}}, {"model": "public.controller", "pk": 2, "fields": {"name": "Page | Category", "file": "page/category/controller"}}, {"model": "public.controller", "pk": 3, "fields": {"name": "Header | Default", "file": "header/default-controller"}}, {"model": "public.controller", "pk": 4, "fields": {"name": "Widget | Default", "file": "widget/default-controller"}}, {"model": "public.controller", "pk": 5, "fields": {"name": "Sidebar | Default", "file": "sidebar/default-controller"}}, {"model": "public.controller", "pk": 6, "fields": {"name": "Footer | Default", "file": "footer/default-controller"}}, {"model": "public.controller", "pk": 7, "fields": {"name": "Post | Default", "file": "post/default-controller"}}, {"model": "public.controller", "pk": 8, "fields": {"name": "Video | Default", "file": "video/default-controller"}}, {"model": "public.controller", "pk": 9, "fields": {"name": "Paginator | Standard", "file": "paginator/standard/controller"}}, {"model": "public.controller", "pk": 10, "fields": {"name": "Paginator | Reddit", "file": "paginator/reddit/controller"}}, {"model": "public.controller", "pk": 11, "fields": {"name": "Page | Reddit", "file": "page/reddit/controller"}}]