[
    {
        "fields": {
            "name": "Standard",
            "header": 1,
            "left_sidebar": null,
            "right_sidebar": 1,
            "footer": 1,
            "style": 1
        },
        "model": "core.config",
        "pk": 1
    },
    {
        "fields": {
            "name": "Standard",
            "pages": [
                1,
                2,
                3,
                4,
                5,
                6
            ],
            "template": 2,
            "controller": 1
        },
        "model": "core.header",
        "pk": 1
    },
    {
        "fields": {
            "name": "Standard",
            "widgets": [
                1,
                2
            ],
            "template": 5,
            "controller": 2
        },
        "model": "core.sidebar",
        "pk": 1
    },
    {
        "fields": {
            "name": "GitHub Link",
            "content": "<div class=\"row\">\r\n  <div class=\"col-xs-4 col-xs-offset-4\">\r\n    <a href=\"https://goo.gl/qIKA1y\" class=\"thumbnail\">\r\n      <img src=\"https://goo.gl/NH6sWW\">\r\n    </a>\r\n  </div>\r\n</div>",
            "priority": "1.00",
            "template": 6,
            "controller": 3
        },
        "model": "core.widget",
        "pk": 1
    },
    {
        "fields": {
            "name": "TODO List",
            "content": "<h4 class=\"text-center\">TODO List</h4>\r\n<ul class=\"list-group\">\r\n  <li class=\"list-group-item\">Write TODO List</li>\r\n  <li class=\"list-group-item\">Do TODO List</li>\r\n</ul>",
            "priority": "2.00",
            "template": 6,
            "controller": 3
        },
        "model": "core.widget",
        "pk": 2
    },
    {
        "fields": {
            "name": "News",
            "hidden": false,
            "paginator": 1,
            "priority": "1.00",
            "template": 12,
            "controller": 4
        },
        "model": "core.page",
        "pk": 1
    },
    {
        "fields": {
            "name": "Images",
            "hidden": false,
            "paginator": 1,
            "priority": "2.00",
            "template": 13,
            "controller": 4
        },
        "model": "core.page",
        "pk": 2
    },
    {
        "fields": {
            "name": "Videos",
            "hidden": false,
            "paginator": 1,
            "priority": "3.00",
            "template": 14,
            "controller": 4
        },
        "model": "core.page",
        "pk": 3
    },
    {
        "fields": {
            "name": "/r/test",
            "hidden": false,
            "paginator": 2,
            "priority": "4.00",
            "template": 17,
            "controller": 6
        },
        "model": "core.page",
        "pk": 4
    },
    {
        "fields": {
            "name": "Uncategorised [Hidden]",
            "hidden": true,
            "paginator": 1,
            "priority": null,
            "template": 15,
            "controller": 4
        },
        "model": "core.page",
        "pk": 5
    },
    {
        "fields": {
            "name": "Post",
            "hidden": true,
            "paginator": null,
            "priority": null,
            "template": 16,
            "controller": 5
        },
        "model": "core.page",
        "pk": 6
    },
    {
        "fields": {
            "title": "Example Default Post",
            "user": 1,
            "created_datetime": "2017-01-01T01:00:00Z",
            "content": "This is an example 'Default' post.",
            "images": [
            ],
            "videos": [
            ],
            "categories": [
                1,
                4,
                5
            ],
            "template": 23,
            "controller": 7
        },
        "model": "core.post",
        "pk": 1
    },
    {
        "fields": {
            "title": "Example Primary Post",
            "user": 1,
            "created_datetime": "2017-01-01T02:00:00Z",
            "content": "This is an example 'Primary' post.",
            "images": [
            ],
            "videos": [
            ],
            "categories": [
                1,
                4,
                6
            ],
            "template": 24,
            "controller": 7
        },
        "model": "core.post",
        "pk": 2
    },
    {
        "fields": {
            "title": "Example Info Post",
            "user": 1,
            "created_datetime": "2017-01-01T03:00:00Z",
            "content": "This is an example 'Info' post.",
            "images": [
            ],
            "videos": [
            ],
            "categories": [
                1,
                4,
                7
            ],
            "template": 25,
            "controller": 7
        },
        "model": "core.post",
        "pk": 3
    },
    {
        "fields": {
            "title": "Example Success Post",
            "user": 1,
            "created_datetime": "2017-01-01T04:00:00Z",
            "content": "This is an example 'Success' post.",
            "images": [],
            "videos": [],
            "categories": [
                1,
                4,
                8
            ],
            "template": 26,
            "controller": 7
        },
        "model": "core.post",
        "pk": 4
    },
    {
        "fields": {
            "title": "Example Warning Post",
            "user": 1,
            "created_datetime": "2017-01-01T05:00:00Z",
            "content": "This is an example 'Warning' post.<br>\r\n<br>\r\nIt also has an image.",
            "images": [
                1
            ],
            "videos": [
            ],
            "categories": [
                1,
                2,
                4,
                9
            ],
            "template": 27,
            "controller": 7
        },
        "model": "core.post",
        "pk": 5
    },
    {
        "fields": {
            "title": "Example Danger Post",
            "user": 1,
            "created_datetime": "2017-01-01T06:00:00Z",
            "content": "This is an example 'Danger' post.<br>\r\n<br>\r\nIt also has a video.",
            "images": [
            ],
            "videos": [
                1
            ],
            "categories": [
                1,
                3,
                4,
                10
            ],
            "template": 28,
            "controller": 7
        },
        "model": "core.post",
        "pk": 6
    },
    {
        "fields": {
            "title": "Example Uncategorised Post",
            "user": 1,
            "created_datetime": "2017-01-01T07:00:00Z",
            "content": "This is an example 'Uncategorised' post.",
            "images": [
            ],
            "videos": [
            ],
            "categories": [
            ],
            "template": 23,
            "controller": 7
        },
        "model": "core.post",
        "pk": 7
    },
    {
        "fields": {
            "title": "Test Image",
            "owner": "phif7651",
            "code": "3q3kNGh",
            "priority": "1.00",
            "template": 29,
            "controller": 8
        },
        "model": "core.image",
        "pk": 1
    },
    {
        "fields": {
            "title": "TEST VIDEO",
            "owner": "Simon Yapp",
            "code": "C0DPdy98e4c",
            "priority": "1.00",
            "template": 30,
            "controller": 9
        },
        "model": "core.video",
        "pk": 1
    },
    {
        "fields": {
            "name": "News",
            "priority": "1.10",
            "template": 32,
            "controller": 10
        },
        "model": "core.category",
        "pk": 1
    },
    {
        "fields": {
            "name": "Image",
            "priority": "1.20",
            "template": 32,
            "controller": 10
        },
        "model": "core.category",
        "pk": 2
    },
    {
        "fields": {
            "name": "Video",
            "priority": "1.30",
            "template": 32,
            "controller": 10
        },
        "model": "core.category",
        "pk": 3
    },
    {
        "fields": {
            "name": "Example",
            "priority": "2.00",
            "template": 32,
            "controller": 10
        },
        "model": "core.category",
        "pk": 4
    },
    {
        "fields": {
            "name": "Default",
            "priority": "3.00",
            "template": 32,
            "controller": 10
        },
        "model": "core.category",
        "pk": 5
    },
    {
        "fields": {
            "name": "Primary",
            "priority": "3.00",
            "template": 33,
            "controller": 10
        },
        "model": "core.category",
        "pk": 6
    },
    {
        "fields": {
            "name": "Info",
            "priority": "3.00",
            "template": 34,
            "controller": 10
        },
        "model": "core.category",
        "pk": 7
    },
    {
        "fields": {
            "name": "Success",
            "priority": "3.00",
            "template": 35,
            "controller": 10
        },
        "model": "core.category",
        "pk": 8
    },
    {
        "fields": {
            "name": "Warning",
            "priority": "3.00",
            "template": 36,
            "controller": 10
        },
        "model": "core.category",
        "pk": 9
    },
    {
        "fields": {
            "name": "Danger",
            "priority": "3.00",
            "template": 37,
            "controller": 10
        },
        "model": "core.category",
        "pk": 10
    },
    {
        "fields": {
            "name": "Standard",
            "template": 38,
            "controller": 11
        },
        "model": "core.paginator",
        "pk": 1
    },
    {
        "fields": {
            "name": "Reddit",
            "template": 41,
            "controller": 12
        },
        "model": "core.paginator",
        "pk": 2
    },
    {
        "fields": {
            "name": "Standard",
            "template": 44,
            "controller": 13
        },
        "model": "core.footer",
        "pk": 1
    },
    {
        "fields": {
            "name": "Standard",
            "template": 50,
            "controller": 14
        },
        "model": "core.style",
        "pk": 1
    },
    {
        "fields": {
            "name": "Header | Standard [Default]",
            "directory": "header/standard",
            "parameters": "{\r\n  \"class\": \"navbar-default\"\r\n}"
        },
        "model": "core.template",
        "pk": 1
    },
    {
        "fields": {
            "name": "Header | Standard [Default | Fixed]",
            "directory": "header/standard",
            "parameters": "{\r\n  \"class\": \"navbar-default\",\r\n  \"fixed\": true\r\n}"
        },
        "model": "core.template",
        "pk": 2
    },
    {
        "fields": {
            "name": "Header | Standard [Inverse]",
            "directory": "header/standard",
            "parameters": "{\r\n  \"class\": \"navbar-inverse\"\r\n}"
        },
        "model": "core.template",
        "pk": 3
    },
    {
        "fields": {
            "name": "Header | Standard [Inverse | Fixed]",
            "directory": "header/standard",
            "parameters": "{\r\n  \"class\": \"navbar-inverse\",\r\n  \"fixed\": true\r\n}"
        },
        "model": "core.template",
        "pk": 4
    },
    {
        "fields": {
            "name": "Sidebar | Standard",
            "directory": "sidebar/standard",
            "parameters": null
        },
        "model": "core.template",
        "pk": 5
    },
    {
        "fields": {
            "name": "Widget | Standard [Default]",
            "directory": "widget/standard",
            "parameters": "{\r\n  \"class\": \"panel-default\"\r\n}"
        },
        "model": "core.template",
        "pk": 6
    },
    {
        "fields": {
            "name": "Widget | Standard [Primary]",
            "directory": "widget/standard",
            "parameters": "{\r\n  \"class\": \"panel-primary\"\r\n}"
        },
        "model": "core.template",
        "pk": 7
    },
    {
        "fields": {
            "name": "Widget | Standard [Info]",
            "directory": "widget/standard",
            "parameters": "{\r\n  \"class\": \"panel-info\"\r\n}"
        },
        "model": "core.template",
        "pk": 8
    },
    {
        "fields": {
            "name": "Widget | Standard [Success]",
            "directory": "widget/standard",
            "parameters": "{\r\n  \"class\": \"panel-success\"\r\n}"
        },
        "model": "core.template",
        "pk": 9
    },
    {
        "fields": {
            "name": "Widget | Standard [Warning]",
            "directory": "widget/standard",
            "parameters": "{\r\n  \"class\": \"panel-warning\"\r\n}"
        },
        "model": "core.template",
        "pk": 10
    },
    {
        "fields": {
            "name": "Widget | Standard [Danger]",
            "directory": "widget/standard",
            "parameters": "{\r\n  \"class\": \"panel-danger\"\r\n}"
        },
        "model": "core.template",
        "pk": 11
    },
    {
        "fields": {
            "name": "Page | Category [News]",
            "directory": "page/category",
            "parameters": "{\r\n  \"categories\": [\r\n    \"News\"\r\n  ]\r\n}"
        },
        "model": "core.template",
        "pk": 12
    },
    {
        "fields": {
            "name": "Page | Category [Image]",
            "directory": "page/category",
            "parameters": "{\r\n  \"categories\": [\r\n    \"Image\"\r\n  ]\r\n}"
        },
        "model": "core.template",
        "pk": 13
    },
    {
        "fields": {
            "name": "Page | Category [Video]",
            "directory": "page/category",
            "parameters": "{\r\n  \"categories\": [\r\n    \"Video\"\r\n  ]\r\n}"
        },
        "model": "core.template",
        "pk": 14
    },
    {
        "fields": {
            "name": "Page | Category [Uncategorised]",
            "directory": "page/category",
            "parameters": "{\r\n  \"categories\": [\r\n  ]\r\n}"
        },
        "model": "core.template",
        "pk": 15
    },
    {
        "fields": {
            "name": "Page | Post",
            "directory": "page/post",
            "parameters": null
        },
        "model": "core.template",
        "pk": 16
    },
    {
        "fields": {
            "name": "Page | Reddit [/r/test | Default]",
            "directory": "page/reddit",
            "parameters": "{\r\n  \"subreddit\": \"test\",\r\n  \"class\": \"panel-default\"\r\n}"
        },
        "model": "core.template",
        "pk": 17
    },
    {
        "fields": {
            "name": "Page | Reddit [/r/test | Primary]",
            "directory": "page/reddit",
            "parameters": "{\r\n  \"subreddit\": \"test\",\r\n  \"class\": \"panel-primary\"\r\n}"
        },
        "model": "core.template",
        "pk": 18
    },
    {
        "fields": {
            "name": "Page | Reddit [/r/test | Info]",
            "directory": "page/reddit",
            "parameters": "{\r\n  \"subreddit\": \"test\",\r\n  \"class\": \"panel-info\"\r\n}"
        },
        "model": "core.template",
        "pk": 19
    },
    {
        "fields": {
            "name": "Page | Reddit [/r/test | Success]",
            "directory": "page/reddit",
            "parameters": "{\r\n  \"subreddit\": \"test\",\r\n  \"class\": \"panel-success\"\r\n}"
        },
        "model": "core.template",
        "pk": 20
    },
    {
        "fields": {
            "name": "Page | Reddit [/r/test | Warning]",
            "directory": "page/reddit",
            "parameters": "{\r\n  \"subreddit\": \"test\",\r\n  \"class\": \"panel-warning\"\r\n}"
        },
        "model": "core.template",
        "pk": 21
    },
    {
        "fields": {
            "name": "Page | Reddit [/r/test | Danger]",
            "directory": "page/reddit",
            "parameters": "{\r\n  \"subreddit\": \"test\",\r\n  \"class\": \"panel-danger\"\r\n}"
        },
        "model": "core.template",
        "pk": 22
    },
    {
        "fields": {
            "name": "Post | Standard [Default]",
            "directory": "post/standard",
            "parameters": "{\r\n  \"class\": \"panel-default\"\r\n}"
        },
        "model": "core.template",
        "pk": 23
    },
    {
        "fields": {
            "name": "Post | Standard [Primary]",
            "directory": "post/standard",
            "parameters": "{\r\n  \"class\": \"panel-primary\"\r\n}"
        },
        "model": "core.template",
        "pk": 24
    },
    {
        "fields": {
            "name": "Post | Standard [Info]",
            "directory": "post/standard",
            "parameters": "{\r\n  \"class\": \"panel-info\"\r\n}"
        },
        "model": "core.template",
        "pk": 25
    },
    {
        "fields": {
            "name": "Post | Standard [Success]",
            "directory": "post/standard",
            "parameters": "{\r\n  \"class\": \"panel-success\"\r\n}"
        },
        "model": "core.template",
        "pk": 26
    },
    {
        "fields": {
            "name": "Post | Standard [Warning]",
            "directory": "post/standard",
            "parameters": "{\r\n  \"class\": \"panel-warning\"\r\n}"
        },
        "model": "core.template",
        "pk": 27
    },
    {
        "fields": {
            "name": "Post | Standard [Danger]",
            "directory": "post/standard",
            "parameters": "{\r\n  \"class\": \"panel-danger\"\r\n}"
        },
        "model": "core.template",
        "pk": 28
    },
    {
        "fields": {
            "name": "Image | Standard",
            "directory": "image/standard",
            "parameters": null
        },
        "model": "core.template",
        "pk": 29
    },
    {
        "fields": {
            "name": "Video | Standard [16by9]",
            "directory": "video/standard",
            "parameters": "{\r\n  \"class\": \"embed-responsive-16by9\"\r\n}"
        },
        "model": "core.template",
        "pk": 30
    },
    {
        "fields": {
            "name": "Video | Standard [4by3]",
            "directory": "video/standard",
            "parameters": "{\r\n  \"class\": \"embed-responsive-4by3\"\r\n}"
        },
        "model": "core.template",
        "pk": 31
    },
    {
        "fields": {
            "name": "Category | Standrd [Default]",
            "directory": "category/standard",
            "parameters": "{\r\n  \"class\": \"label-default\"\r\n}"
        },
        "model": "core.template",
        "pk": 32
    },
    {
        "fields": {
            "name": "Category | Standrd [Primary]",
            "directory": "category/standard",
            "parameters": "{\r\n  \"class\": \"label-primary\"\r\n}"
        },
        "model": "core.template",
        "pk": 33
    },
    {
        "fields": {
            "name": "Category | Standrd [Info]",
            "directory": "category/standard",
            "parameters": "{\r\n  \"class\": \"label-info\"\r\n}"
        },
        "model": "core.template",
        "pk": 34
    },
    {
        "fields": {
            "name": "Category | Standrd [Success]",
            "directory": "category/standard",
            "parameters": "{\r\n  \"class\": \"label-success\"\r\n}"
        },
        "model": "core.template",
        "pk": 35
    },
    {
        "fields": {
            "name": "Category | Standrd [Warning]",
            "directory": "category/standard",
            "parameters": "{\r\n  \"class\": \"label-warning\"\r\n}"
        },
        "model": "core.template",
        "pk": 36
    },
    {
        "fields": {
            "name": "Category | Standrd [Danger]",
            "directory": "category/standard",
            "parameters": "{\r\n  \"class\": \"label-danger\"\r\n}"
        },
        "model": "core.template",
        "pk": 37
    },
    {
        "fields": {
            "name": "Paginator | Standard",
            "directory": "paginator/standard",
            "parameters": "{\r\n  \"class\": \"\"\r\n}"
        },
        "model": "core.template",
        "pk": 38
    },
    {
        "fields": {
            "name": "Paginator | Standard [Sm]",
            "directory": "paginator/standard",
            "parameters": "{\r\n  \"class\": \"pagination-sm\"\r\n}"
        },
        "model": "core.template",
        "pk": 39
    },
    {
        "fields": {
            "name": "Paginator | Standard [Lg]",
            "directory": "paginator/standard",
            "parameters": "{\r\n  \"class\": \"pagination-lg\"\r\n}"
        },
        "model": "core.template",
        "pk": 40
    },
    {
        "fields": {
            "name": "Paginator | Reddit",
            "directory": "paginator/reddit",
            "parameters": "{\r\n  \"class\": \"\"\r\n}"
        },
        "model": "core.template",
        "pk": 41
    },
    {
        "fields": {
            "name": "Paginator | Reddit [Sm]",
            "directory": "paginator/reddit",
            "parameters": "{\r\n  \"class\": \"pagination-sm\"\r\n}"
        },
        "model": "core.template",
        "pk": 42
    },
    {
        "fields": {
            "name": "Paginator | Reddit [Lg]",
            "directory": "paginator/reddit",
            "parameters": "{\r\n  \"class\": \"pagination-lg\"\r\n}"
        },
        "model": "core.template",
        "pk": 43
    },
    {
        "fields": {
            "name": "Footer | Standard [Default]",
            "directory": "footer/standard",
            "parameters": "{\r\n  \"class\": \"panel-default\"\r\n}"
        },
        "model": "core.template",
        "pk": 44
    },
    {
        "fields": {
            "name": "Footer | Standard [Primary]",
            "directory": "footer/standard",
            "parameters": "{\r\n  \"class\": \"panel-primary\"\r\n}"
        },
        "model": "core.template",
        "pk": 45
    },
    {
        "fields": {
            "name": "Footer | Standard [Info]",
            "directory": "footer/standard",
            "parameters": "{\r\n  \"class\": \"panel-info\"\r\n}"
        },
        "model": "core.template",
        "pk": 46
    },
    {
        "fields": {
            "name": "Footer | Standard [Success]",
            "directory": "footer/standard",
            "parameters": "{\r\n  \"class\": \"panel-success\"\r\n}"
        },
        "model": "core.template",
        "pk": 47
    },
    {
        "fields": {
            "name": "Footer | Standard [Warning]",
            "directory": "footer/standard",
            "parameters": "{\r\n  \"class\": \"panel-warning\"\r\n}"
        },
        "model": "core.template",
        "pk": 48
    },
    {
        "fields": {
            "name": "Footer | Standard [Danger]",
            "directory": "footer/standard",
            "parameters": "{\r\n  \"class\": \"panel-danger\"\r\n}"
        },
        "model": "core.template",
        "pk": 49
    },
    {
        "fields": {
            "name": "Style | Standard",
            "directory": "style/standard",
            "parameters": null
        },
        "model": "core.template",
        "pk": 50
    },
    {
        "fields": {
            "name": "Header | Default",
            "file": "header/default-controller"
        },
        "model": "core.controller",
        "pk": 1
    },
    {
        "fields": {
            "name": "Sidebar | Default",
            "file": "sidebar/default-controller"
        },
        "model": "core.controller",
        "pk": 2
    },
    {
        "fields": {
            "name": "Widget | Default",
            "file": "widget/default-controller"
        },
        "model": "core.controller",
        "pk": 3
    },
    {
        "fields": {
            "name": "Page | Category",
            "file": "page/category/controller"
        },
        "model": "core.controller",
        "pk": 4
    },
    {
        "fields": {
            "name": "Page | Post",
            "file": "page/post/controller"
        },
        "model": "core.controller",
        "pk": 5
    },
    {
        "fields": {
            "name": "Page | Reddit",
            "file": "page/reddit/controller"
        },
        "model": "core.controller",
        "pk": 6
    },
    {
        "fields": {
            "name": "Post | Default",
            "file": "post/default-controller"
        },
        "model": "core.controller",
        "pk": 7
    },
    {
        "fields": {
            "name": "Image | Default",
            "file": "image/default-controller"
        },
        "model": "core.controller",
        "pk": 8
    },
    {
        "fields": {
            "name": "Video | Default",
            "file": "video/default-controller"
        },
        "model": "core.controller",
        "pk": 9
    },
    {
        "fields": {
            "name": "Category | Default",
            "file": "category/default-controller"
        },
        "model": "core.controller",
        "pk": 10
    },
    {
        "fields": {
            "name": "Paginator | Standard",
            "file": "paginator/standard/controller"
        },
        "model": "core.controller",
        "pk": 11
    },
    {
        "fields": {
            "name": "Paginator | Reddit",
            "file": "paginator/reddit/controller"
        },
        "model": "core.controller",
        "pk": 12
    },
    {
        "fields": {
            "name": "Footer | Default",
            "file": "footer/default-controller"
        },
        "model": "core.controller",
        "pk": 13
    },
    {
        "fields": {
            "name": "Style | Default",
            "file": "style/default-controller"
        },
        "model": "core.controller",
        "pk": 14
    }
]
